1,name_1,1,1527671241
2,name_2,1,1527672241
3,name_3,1,1527673241
4,name_4,1,1527674241
5,name_5,1,1527675241
6,name_6,1,1527676241
7,name_7,1,1527677241
8,name_8,1,1527678241
9,name_9,1,1527679241
10,name_10,10,1527671241
11,name_11,10,1527671241
12,name_12,10,1527671241
13,name_13,10,1527671241
14,name_14,10,1527671241
15,name_15,10,1527671241
16,name_16,10,1527671241
17,name_17,10,1527671241
18,name_18,10,1527671241
19,name_19,10,1527671241
20,name_20,20,1527672241
21,name_21,20,1527672241
22,name_22,20,1527672241
23,name_23,20,1527672241
24,name_24,20,1527672241
25,name_25,20,1527672241
26,name_26,20,1527672241
27,name_27,20,1527672241
28,name_28,20,1527672241
29,name_29,20,1527672241
30,name_30,30,1527673241
31,name_31,30,1527673241
32,name_32,30,1527673241
33,name_33,30,1527673241
34,name_34,30,1527673241
35,name_35,30,1527673241
36,name_36,30,1527673241
37,name_37,30,1527673241
38,name_38,30,1527673241
39,name_39,30,1527673241
40,name_40,40,1527674241
41,name_41,40,1527674241
42,name_42,40,1527674241
43,name_43,40,1527674241
44,name_44,40,1527674241
45,name_45,40,1527674241
46,name_46,40,1527674241
47,name_47,40,1527674241
48,name_48,40,1527674241
49,name_49,40,1527674241
50,name_50,50,1527675241
51,name_51,50,1527675241
52,name_52,50,1527675241
53,name_53,50,1527675241
54,name_54,50,1527675241
55,name_55,50,1527675241
56,name_56,50,1527675241
57,name_57,50,1527675241
58,name_58,50,1527675241
59,name_59,50,1527675241
60,name_60,60,1527676241
61,name_61,60,1527676241
62,name_62,60,1527676241
63,name_63,60,1527676241
64,name_64,60,1527676241
65,name_65,60,1527676241
66,name_66,60,1527676241
67,name_67,60,1527676241
68,name_68,60,1527676241
69,name_69,60,1527676241
70,name_70,70,1527677241
71,name_71,70,1527677241
72,name_72,70,1527677241
73,name_73,70,1527677241
74,name_74,70,1527677241
75,name_75,70,1527677241
76,name_76,70,1527677241
77,name_77,70,1527677241
78,name_78,70,1527677241
79,name_79,70,1527677241
80,name_80,80,1527678241
81,name_81,80,1527678241
82,name_82,80,1527678241
83,name_83,80,1527678241
84,name_84,80,1527678241
85,name_85,80,1527678241
86,name_86,80,1527678241
87,name_87,80,1527678241
88,name_88,80,1527678241
89,name_89,80,1527678241
90,name_90,90,1527679241
91,name_91,90,1527679241
92,name_92,90,1527679241
93,name_93,90,1527679241
94,name_94,90,1527679241
95,name_95,90,1527679241
96,name_96,90,1527679241
97,name_97,90,1527679241
98,name_98,90,1527679241
99,name_99,90,1527679241
100,name_100,100,1527680241
101,name_101,101,1527680241